Campaign,Ad Group,Keyword,Match Type,Final URL,Headline 1,Headline 2,Headline 3,Headline 4,Headline 5,Headline 6,Headline 7,Headline 8,Headline 9,Headline 10,Headline 11,Headline 12,Headline 13,Headline 14,Headline 15,Description 1,Description 2,Description 3,Description 4,Path 1,Path 2
Website Schilders,Schilders - Exact,website schildersbedrijf,Exact,https://rodi-sites.nl/website-voor-schilders,Website voor Schilders,Vanaf €75 per Maand,Geen Opstartkosten,Professionele Website,Schildersbedrijf Online,Portfolio met Foto's,Meer Offerteaanvragen,Binnen 2 Weken Live,SEO Inbegrepen,Hosting Inbegrepen,Onderhoud Inbegrepen,Lokaal Gevonden Worden,Gratis Adviesgesprek,30 Dagen Geld Terug,Maandelijks Opzegbaar,Professionele website voor je schildersbedrijf. Meer klanten via Google en portfolio tonen. Vanaf €75/maand.,Geen opstartkosten. Inclusief ontwerp hosting onderhoud en SEO. Binnen twee weken online.,Laat je vakmanschap zien met een professionele website. Offerte aanvraagformulier inbegrepen.,Maandelijks opzegbaar na 6 maanden. 30 dagen niet-goed-geld-terug garantie.,website,schilders
Website Schilders,Schilders - Exact,website voor schilders,Exact,https://rodi-sites.nl/website-voor-schilders,,,,,,,,,,,,,,,,,,,,
Website Schilders,Schilders - Exact,website laten maken schilder,Exact,https://rodi-sites.nl/website-voor-schilders,,,,,,,,,,,,,,,,,,,,
Website Schilders,Schilders - Phrase,website schildersbedrijf,Phrase,https://rodi-sites.nl/website-voor-schilders,,,,,,,,,,,,,,,,,,,,
Website Schilders,Schilders - Phrase,schilder website laten maken,Phrase,https://rodi-sites.nl/website-voor-schilders,,,,,,,,,,,,,,,,,,,,
Website Schilders,Schilders - Phrase,schildersbedrijf online,Phrase,https://rodi-sites.nl/website-voor-schilders,,,,,,,,,,,,,,,,,,,,
Website Tandartsen,Tandartsen - Exact,website tandartspraktijk,Exact,https://rodi-sites.nl/website-voor-tandartsen,Website voor Tandartsen,Vanaf €75 per Maand,Geen Opstartkosten,Professionele Website,Tandartspraktijk Online,Vertrouwen Uitstralen,Nieuwe Patienten Werven,Binnen 2 Weken Live,SEO Inbegrepen,Hosting Inbegrepen,Onderhoud Inbegrepen,Behandelingen Tonen,Gratis Adviesgesprek,30 Dagen Geld Terug,Maandelijks Opzegbaar,Professionele website voor je tandartspraktijk. Nieuwe patienten en vertrouwen uitstralen. Vanaf €75/maand.,Geen opstartkosten. Inclusief ontwerp hosting onderhoud en SEO. Binnen twee weken online.,Trek nieuwe patienten aan met een moderne website. Behandelingen en team presenteren.,Maandelijks opzegbaar na 6 maanden. 30 dagen niet-goed-geld-terug garantie.,website,tandartsen
Website Tandartsen,Tandartsen - Exact,website voor tandartsen,Exact,https://rodi-sites.nl/website-voor-tandartsen,,,,,,,,,,,,,,,,,,,,
Website Tandartsen,Tandartsen - Exact,website laten maken tandarts,Exact,https://rodi-sites.nl/website-voor-tandartsen,,,,,,,,,,,,,,,,,,,,
Website Tandartsen,Tandartsen - Phrase,tandarts website,Phrase,https://rodi-sites.nl/website-voor-tandartsen,,,,,,,,,,,,,,,,,,,,
Website Tandartsen,Tandartsen - Phrase,tandartspraktijk website laten maken,Phrase,https://rodi-sites.nl/website-voor-tandartsen,,,,,,,,,,,,,,,,,,,,
Website Tandartsen,Tandartsen - Phrase,tandarts online zichtbaar,Phrase,https://rodi-sites.nl/website-voor-tandartsen,,,,,,,,,,,,,,,,,,,,
Website Loodgieters,Loodgieters - Exact,website loodgieter,Exact,https://rodi-sites.nl/website-voor-loodgieters,Website voor Loodgieters,Vanaf €75 per Maand,Geen Opstartkosten,Professionele Website,Loodgieter Online,Direct Gebeld Worden,Lokaal Gevonden Worden,Binnen 2 Weken Live,SEO Inbegrepen,Hosting Inbegrepen,Onderhoud Inbegrepen,Click-to-Call Knop,Gratis Adviesgesprek,30 Dagen Geld Terug,Maandelijks Opzegbaar,Professionele website voor je loodgietersbedrijf. Direct gebeld worden door klanten. Vanaf €75/maand.,Geen opstartkosten. Inclusief ontwerp hosting onderhoud en SEO. Binnen twee weken online.,Word gevonden wanneer klanten zoeken op loodgieter in de buurt. Lokale SEO inbegrepen.,Maandelijks opzegbaar na 6 maanden. 30 dagen niet-goed-geld-terug garantie.,website,loodgieters
Website Loodgieters,Loodgieters - Exact,website voor loodgieters,Exact,https://rodi-sites.nl/website-voor-loodgieters,,,,,,,,,,,,,,,,,,,,
Website Loodgieters,Loodgieters - Exact,website laten maken loodgieter,Exact,https://rodi-sites.nl/website-voor-loodgieters,,,,,,,,,,,,,,,,,,,,
Website Loodgieters,Loodgieters - Phrase,loodgieter website,Phrase,https://rodi-sites.nl/website-voor-loodgieters,,,,,,,,,,,,,,,,,,,,
Website Loodgieters,Loodgieters - Phrase,loodgietersbedrijf online,Phrase,https://rodi-sites.nl/website-voor-loodgieters,,,,,,,,,,,,,,,,,,,,
Website Loodgieters,Loodgieters - Phrase,loodgieter meer klanten,Phrase,https://rodi-sites.nl/website-voor-loodgieters,,,,,,,,,,,,,,,,,,,,
Website Kappers,Kappers - Exact,website kapper,Exact,https://rodi-sites.nl/website-voor-kappers,Website voor Kappers,Vanaf €75 per Maand,Geen Opstartkosten,Professionele Website,Kapsalon Online,Portfolio Tonen,Nieuwe Klanten via Google,Binnen 2 Weken Live,SEO Inbegrepen,Hosting Inbegrepen,Onderhoud Inbegrepen,Behandelingen en Prijzen,Gratis Adviesgesprek,30 Dagen Geld Terug,Maandelijks Opzegbaar,Professionele website voor je kapsalon. Portfolio tonen en nieuwe klanten aantrekken. Vanaf €75/maand.,Geen opstartkosten. Inclusief ontwerp hosting onderhoud en SEO. Binnen twee weken online.,Laat je beste knippen en kleuren zien. Behandelingen en prijslijst overzichtelijk online.,Maandelijks opzegbaar na 6 maanden. 30 dagen niet-goed-geld-terug garantie.,website,kappers
Website Kappers,Kappers - Exact,website voor kappers,Exact,https://rodi-sites.nl/website-voor-kappers,,,,,,,,,,,,,,,,,,,,
Website Kappers,Kappers - Exact,website laten maken kapper,Exact,https://rodi-sites.nl/website-voor-kappers,,,,,,,,,,,,,,,,,,,,
Website Kappers,Kappers - Phrase,kapsalon website,Phrase,https://rodi-sites.nl/website-voor-kappers,,,,,,,,,,,,,,,,,,,,
Website Kappers,Kappers - Phrase,kapper website laten maken,Phrase,https://rodi-sites.nl/website-voor-kappers,,,,,,,,,,,,,,,,,,,,
Website Kappers,Kappers - Phrase,kapsalon online zichtbaar,Phrase,https://rodi-site s.nl/website-voor-kappers,,,,,,,,,,,,,,,,,,,,
Website Fysiotherapeuten,Fysiotherapeuten - Exact,website fysiotherapeut,Exact,https://rodi-sites.nl/website-voor-fysiotherapeuten,Website Fysiotherapeuten,Vanaf €75 per Maand,Geen Opstartkosten,Professionele Website,Fysiotherapie Online,Behandelingen Tonen,Meer Patienten Aantrekken,Binnen 2 Weken Live,SEO Inbegrepen,Hosting Inbegrepen,Onderhoud Inbegrepen,Specialisaties Presenteren,Gratis Adviesgesprek,30 Dagen Geld Terug,Maandelijks Opzegbaar,Professionele website voor je fysiotherapiepraktijk. Behandelingen tonen en patienten informeren. Vanaf €75/maand.,Geen opstartkosten. Inclusief ontwerp hosting onderhoud en SEO. Binnen twee weken online.,Toon je specialisaties en trek de juiste patienten aan. Verwijzers vinden je makkelijker.,Maandelijks opzegbaar na 6 maanden. 30 dagen niet-goed-geld-terug garantie.,website,fysiotherapeut
Website Fysiotherapeuten,Fysiotherapeuten - Exact,website voor fysiotherapeuten,Exact,https://rodi-sites.nl/website-voor-fysiotherapeuten,,,,,,,,,,,,,,,,,,,,
Website Fysiotherapeuten,Fysiotherapeuten - Exact,website laten maken fysiotherapeut,Exact,https://rodi-sites.nl/website-voor-fysiotherapeuten,,,,,,,,,,,,,,,,,,,,
Website Fysiotherapeuten,Fysiotherapeuten - Phrase,fysiotherapie website,Phrase,https://rodi-sites.nl/website-voor-fysiotherapeuten,,,,,,,,,,,,,,,,,,,,
Website Fysiotherapeuten,Fysiotherapeuten - Phrase,fysiotherapeut online,Phrase,https://rodi-sites.nl/website-voor-fysiotherapeuten,,,,,,,,,,,,,,,,,,,,
Website Fysiotherapeuten,Fysiotherapeuten - Phrase,praktijk website laten maken,Phrase,https://rodi-sites.nl/website-voor-fysiotherapeuten,,,,,,,,,,,,,,,,,,,,
Website Restaurants,Restaurants - Exact,website restaurant,Exact,https://rodi-sites.nl/website-voor-restaurants,Website voor Restaurants,Vanaf €75 per Maand,Geen Opstartkosten,Professionele Website,Restaurant Online,Menukaart Online,Meer Gasten via Google,Binnen 2 Weken Live,SEO Inbegrepen,Hosting Inbegrepen,Onderhoud Inbegrepen,Sfeer Overbrengen,Gratis Adviesgesprek,30 Dagen Geld Terug,Maandelijks Opzegbaar,Professionele website voor je restaurant. Digitale menukaart en meer gasten via Google. Vanaf €75/maand.,Geen opstartkosten. Inclusief ontwerp hosting onderhoud en SEO. Binnen twee weken online.,Breng de sfeer van jouw zaak online over. Menukaart altijd up-to-date en makkelijk aanpasbaar.,Maandelijks opzegbaar na 6 maanden. 30 dagen niet-goed-geld-terug garantie.,website,restaurants
Website Restaurants,Restaurants - Exact,website voor restaurants,Exact,https://rodi-sites.nl/website-voor-restaurants,,,,,,,,,,,,,,,,,,,,
Website Restaurants,Restaurants - Exact,website laten maken restaurant,Exact,https://rodi-sites.nl/website-voor-restaurants,,,,,,,,,,,,,,,,,,,,
Website Restaurants,Restaurants - Phrase,restaurant website,Phrase,https://rodi-sites.nl/website-voor-restaurants,,,,,,,,,,,,,,,,,,,,
Website Restaurants,Restaurants - Phrase,horeca website laten maken,Phrase,https://rodi-sites.nl/website-voor-restaurants,,,,,,,,,,,,,,,,,,,,
Website Restaurants,Restaurants - Phrase,restaurant online zichtbaar,Phrase,https://rodi-sites.nl/website-voor-restaurants,,,,,,,,,,,,,,,,,,,,
Website Makelaars,Makelaars - Exact,website makelaar,Exact,https://rodi-sites.nl/website-voor-makelaars,Website voor Makelaars,Vanaf €75 per Maand,Geen Opstartkosten,Professionele Website,Makelaar Online,Eigen Merk Opbouwen,Meer Leads Genereren,Binnen 2 Weken Live,SEO Inbegrepen,Hosting Inbegrepen,Onderhoud Inbegrepen,Woningaanbod Tonen,Gratis Adviesgesprek,30 Dagen Geld Terug,Maandelijks Opzegbaar,Professionele website voor je makelaarskantoor. Eigen merk opbouwen en leads genereren. Vanaf €75/maand.,Geen opstartkosten. Inclusief ontwerp hosting onderhoud en SEO. Binnen twee weken online.,Bouw aan je eigen merk naast Funda. Toon je expertise en trek verkopers en kopers aan.,Maandelijks opzegbaar na 6 maanden. 30 dagen niet-goed-geld-terug garantie.,website,makelaars
Website Makelaars,Makelaars - Exact,website voor makelaars,Exact,https://rodi-sites.nl/website-voor-makelaars,,,,,,,,,,,,,,,,,,,,
Website Makelaars,Makelaars - Exact,website laten maken makelaar,Exact,https://rodi-sites.nl/website-voor-makelaars,,,,,,,,,,,,,,,,,,,,
Website Makelaars,Makelaars - Phrase,makelaar website,Phrase,https://rodi-sites.nl/website-voor-makelaars,,,,,,,,,,,,,,,,,,,,
Website Makelaars,Makelaars - Phrase,makelaarskantoor website,Phrase,https://rodi-sites.nl/website-voor-makelaars,,,,,,,,,,,,,,,,,,,,
Website Makelaars,Makelaars - Phrase,makelaar online zichtbaar,Phrase,https://rodi-sites.nl/website-voor-makelaars,,,,,,,,,,,,,,,,,,,,
Website Personal Trainers,Personal Trainers - Exact,website personal trainer,Exact,https://rodi-sites.nl/website-voor-personal-trainers,Website Personal Trainers,Vanaf €75 per Maand,Geen Opstartkosten,Professionele Website,Personal Trainer Online,Resultaten Tonen,Meer Klanten Aantrekken,Binnen 2 Weken Live,SEO Inbegrepen,Hosting Inbegrepen,Onderhoud Inbegrepen,Pakketten Presenteren,Gratis Adviesgesprek,30 Dagen Geld Terug,Maandelijks Opzegbaar,Professionele website voor personal trainers. Resultaten tonen en meer klanten aantrekken. Vanaf €75/maand.,Geen opstartkosten. Inclusief ontwerp hosting onderhoud en SEO. Binnen twee weken online.,Kom professioneel over met een eigen website. Toon transformaties en presenteer je pakketten.,Maandelijks opzegbaar na 6 maanden. 30 dagen niet-goed-geld-terug garantie.,website,personal-trainer
Website Personal Trainers,Personal Trainers - Exact,website voor personal trainers,Exact,https://rodi-sites.nl/website-voor-personal-trainers,,,,,,,,,,,,,,,,,,,,
Website Personal Trainers,Personal Trainers - Exact,website laten maken personal trainer,Exact,https://rodi-sites.nl/website-voor-personal-trainers,,,,,,,,,,,,,,,,,,,,
Website Personal Trainers,Personal Trainers - Phrase,personal trainer website,Phrase,https://rodi-sites.nl/website-voor-personal-trainers,,,,,,,,,,,,,,,,,,,,
Website Personal Trainers,Personal Trainers - Phrase,fitness website laten maken,Phrase,https://rodi-sites.nl/website-voor-personal-trainers,,,,,,,,,,,,,,,,,,,,
Website Personal Trainers,Personal Trainers - Phrase,personal trainer online,Phrase,https://rodi-sites.nl/website-voor-personal-trainers,,,,,,,,,,,,,,,,,,,,
